WISE DATA;;;;;;;;;;;;;;;;;;;;;;;;;;;;;;;;;;;;;;;;;;;;;;;;;;;;;;TESTS;;;;;;;;;;;;;;;;;;;;;;;;;;;;;DEFECTO OBSERVADO;ACEPTACIÓN ANCHO DE NUGGET;;;;DEFECTOS;;;;;;;;;;;;;;;;;;;;Q1;Q2;Q3;Q total;MÉTODO DE ANÁLISIS (Desbotonado/Macro);;;
ID;tTimer;tProgram;nProgram;FBH;FBL;ContPtos;ContFr;Ns;Curv_I;Curv_V;Fecha;SrrQual;SrrCoef;SrrGap;CCoef;CGap;CSel;Patron;kAI1;kAI2;kAI3;PreI;Apr;Ts1;Tf1;SlUp;Ts2;SlDn;Tf3;Ts3;Enf;ksr;Ief;Vef;VefTs1;Energy;Tf2;tKsr;Tsw1;Tsw2;Tsw3;Proj_Weld_PwDn;Proj_Weld_Time;Proj_Weld_T;Proj_Tst_PwDn;Proj_Tst_Time;Proj_Tst_T;Proj_Sel;CodeErr;CodPza;Code;TpcEnPatr;;PROBETA;DESCRIPTION;OF;THCK_1;THCK_2;THCK_3;THCK_4;THCK_5;MCAP DIAM;UCAP DIAM;ALLOY;WELDING PROG.;WELDING INTENSITY (kA);WELDING FORCE (daN);CHISEL TEST;;;METALLOGRAPHIC TEST;;;;;;;;;;;;;;;;;Modos de fractura desbotonado;;;;;;;Indicaciones en macroinspección;;;;;;;;;;;TOTAL;CARACTERIZACIÓN POR CLASE (0:Sin defecto/ 1: Expulsión /2:Pegado/ 3: Diam.Peq.);;;;;;;;
;;;;;;;;;;;;;;;;;;;;;;;;;;;;;;;;;;;;;;;;;;;;;;;;;;;;;;;;;;;;;;;;;;;;NUGGET D1;NUGGET D2;AVG;MIN NUGGET WIDT;MIN PENETRATION_1;;MIN PENETRATION_5;;MAX PENETRATION THCK_1;;MAX PENETRATION THCK_5 / TOTAL;;INDENT_1;INDENT_5;TAMAÑO CAVIDAD (Nimonic 75);"OTHERS (CRACKS; CAVITIES; ETC)";DIAM AND WIDT NUGGET;;ANCHO MÍNIMO RQSC08T-4001;;2;3;4;5;6;7;8;Expulsión interior;Expulsión exterior;Indentación excesiva;Pegado (fusión incompleta);Cavidad;Penetración desigual;Nugget desplazado;Lados nugget cóncavos;Grieta central nugget;Grieta nugget;Grieta material base;;;;;;;;;;
120993;R1_ITP;2;2;0;2;631;0;15;"337;519;592;711;829;884;939;993;1012;993;993;975;1012;948;948;";"127;266;419;571;703;796;843;855;851;830;792;737;775;720;720;";06/05/2024;0;0;0;;;;FALSO;0,50;9,00;1,00;0;2000;0;10;0;30;0;10;0;2000;2;9,69;673,00;0,00;157,00;0,00;CC;0;30;0;;;;;;;FALSO;;;;;;1;1.2+1.2 mm / titanio / pulidas / tratadas;;1,2;0,0;0,0;0,0;1,2;5,5;6,0;CP Ti Gr3;2,00;9,00;350;5,23;5,18;5,21;;;0%;;0%;;;;;;;;Expulsión entre láminas;5,21; ;4,57;0;0;0;0;0;0;0;0;1;0;0;0;0;0;0;0;0;0;0;1;1;694,29;0,00;0,00;694,29;D;;;
120994;R1_ITP;2;2;0;2;632;0;15;"346;537;610;747;866;920;984;1003;993;975;948;957;957;966;966;";"105;237;406;563;686;762;787;792;783;745;703;669;682;648;648;";06/05/2024;0;0;0;;;;FALSO;0,50;9,00;1,00;0;2000;0;10;0;30;0;10;0;2000;2;9,46;626,00;0,00;146,00;0,00;CC;0;30;0;;;;;;;FALSO;;;;;;2;;;1,2;0,0;0,0;0,0;1,2;5,5;6,0;CP Ti Gr3;2,00;9,00;350;5,31;5,43;5,37;;;0%;;0%;;;;;;;;Expulsión entre láminas;5,37; ;4,57;0;0;0;0;0;0;0;0;1;0;0;0;0;0;0;0;0;0;0;1;1;694,29;0,00;0,00;694,29;D;;;
121569;R1_ITP;2;2;0;2;395;0;15;"300;465;556;720;857;920;984;1012;1021;1003;966;975;948;993;993;";"127;300;482;618;737;821;855;864;830;783;741;698;698;665;665;";07/05/2024;0;0;0;;;;FALSO;0,50;9,00;1,00;0;2000;0;10;0;30;0;10;0;2000;2;9,66;673,00;0,00;157,00;0,00;CC;0;30;0;;;;;;;FALSO;;;;;;3;1.2+1.2 mm / titanio / SIN pulir / tratadas;;1,2;0,0;0,0;0,0;1,2;5,5;6,0;CP Ti Gr3;2,00;9,00;350;4,43;4,83;4,63;;;0%;;0%;;;;;;;;Expulsión entre láminas;4,63; ;4,57;0;0;0;0;0;0;0;0;1;0;0;0;0;0;0;0;0;0;0;1;1;694,29;0,00;0,00;694,29;D;;;
121570;R1_ITP;2;2;0;2;396;0;15;"310;492;592;738;875;948;984;984;975;975;966;966;957;966;966;";"127;283;449;593;711;783;804;804;787;754;728;694;711;665;665;";07/05/2024;0;0;0;;;;FALSO;0,50;9,00;1,00;0;2000;0;10;0;30;0;10;0;2000;2;9,50;643,00;0,00;150,00;0,00;CC;0;30;0;;;;;;;FALSO;;;;;;4;;;1,2;0,0;0,0;0,0;1,2;5,5;6,0;CP Ti Gr3;2,00;9,00;350;4,97;4,57;4,77;;;0%;;0%;;;;;;;;Expulsión entre láminas;4,77; ;4,57;0;0;0;0;0;0;0;0;1;0;0;0;0;0;0;0;0;0;0;1;1;694,29;0,00;0,00;694,29;D;;;
122027;R1_ITP;2;2;0;2;247;0;15;"310;483;565;702;848;957;1003;1012;1003;1003;993;948;984;930;930;";"135;313;487;631;758;847;885;881;847;804;766;724;724;703;703;";07/05/2024;0;0;0;;;;FALSO;0,50;9,00;1,00;0;2000;0;10;0;30;0;10;0;2000;2;9,64;686,00;0,00;161,00;0,00;CC;0;30;0;;;;;;;FALSO;;;;;;5;1.2+1.2 mm / titanio / SIN pulir /NO tratadas;;1,2;0,0;0,0;0,0;1,2;5,5;6,0;CP Ti Gr3;2,00;9,00;350;5,43;5,22;5,33;;;0%;;0%;;;;;;;;Expulsión entre láminas;5,33; ;4,57;0;0;0;0;0;0;0;0;1;0;0;0;0;0;0;0;0;0;0;1;1;694,29;0,00;0,00;694,29;D;;;
122028;R1_ITP;2;2;0;2;248;0;15;"328;528;610;738;866;939;975;1003;1012;1003;966;939;948;911;911;";"110;262;440;593;715;792;826;817;779;758;724;682;694;652;652;";07/05/2024;0;0;0;;;;FALSO;0,50;9,00;1,00;0;2000;0;10;0;30;0;10;0;2000;2;9,54;639,00;0,00;150,00;0,00;CC;0;30;0;;;;;;;FALSO;;;;;;6;;;1,2;0,0;0,0;0,0;1,2;5,5;6,0;CP Ti Gr3;2,00;9,00;350;5,95;5,47;5,71;;;0%;;0%;;;;;;;;Expulsión entre láminas;5,71; ;4,57;0;0;0;0;0;0;0;0;1;0;0;0;0;0;0;0;0;0;0;1;1;694,29;0,00;0,00;694,29;D;;;
127673;R1_ITP;60;60;0;60;504;0;15;"117;197;253;342;412;448;473;489;518;536;550;552;557;557;557;";"80;169;262;360;470;567;635;686;715;724;715;703;711;690;690;";20/05/2024;0;0;0;;;;FALSO;0,01;5,00;0,01;0;2000;0;10;0;30;0;10;0;2000;2;5,28;546,00;0,00;65,00;0,00;CC;0;30;0;;;;;;;FALSO;;;;;;7;;;1,2;0,0;0,0;0,0;1,2;5,5;6,0;CP Ti Gr3;60,00;5,00;200;4,14;4,14;4,14;;;0%;;0%;;;;;;;;Full Interfacial Fracture;4,14; ;4,57;1;0;0;0;0;0;1;0;0;0;0;0;0;0;0;0;0;0;0;1;3;375,00;0,00;0,00;375,00;D;;;
127675;R1_ITP;60;60;0;60;506;0;15;"92;154;212;332;430;466;489;507;539;550;550;550;550;548;548;";"101;211;313;406;508;597;656;694;711;720;715;690;694;669;669;";20/05/2024;0;0;0;;;;FALSO;0,01;5,00;0,01;0;2000;0;10;0;30;0;10;0;2000;2;5,33;559,00;0,00;67,00;0,00;CC;0;30;0;;;;;;;FALSO;;;;;;8;;;1,2;0,0;0,0;0,0;1,2;5,5;6,0;CP Ti Gr3;60,00;5,00;200;4,24;4,02;4,13;;;0%;;0%;;;;;;;;Full Interfacial Fracture;4,13; ;4,57;1;0;0;0;0;0;1;0;0;0;0;0;0;0;0;0;0;0;0;1;3;375,00;0,00;0,00;375,00;D;;;
127677;R1_ITP;60;60;0;60;508;0;15;"158;253;321;425;523;582;616;645;659;663;665;645;668;622;622;";"110;228;343;461;571;656;711;737;745;732;711;686;690;669;669;";20/05/2024;0;0;0;;;;FALSO;0,01;6,00;0,01;0;2000;0;10;0;30;0;10;0;2000;2;6,41;584,00;0,00;86,00;0,00;CC;0;30;0;;;;;;;FALSO;;;;;;9;;;1,2;0,0;0,0;0,0;1,2;5,5;6,0;CP Ti Gr3;60,00;6,00;200;4,52;4,46;4,49;;;0%;;0%;;;;;;;;Full Interfacial Fracture;4,49; ;4,57;1;0;0;0;0;0;1;0;0;0;0;0;0;0;0;0;0;0;0;1;3;540,00;0,00;0,00;540,00;D;;;
127679;R1_ITP;60;60;0;60;510;0;15;"154;249;312;430;536;593;625;643;656;654;654;647;661;641;641;";"110;232;351;457;563;643;690;715;720;707;694;673;682;656;656;";20/05/2024;0;0;0;;;;FALSO;0,01;6,00;0,01;0;2000;0;10;0;30;0;10;0;2000;2;6,36;571,00;0,00;84,00;0,00;CC;0;30;0;;;;;;;FALSO;;;;;;10;;;1,2;0,0;0,0;0,0;1,2;5,5;6,0;CP Ti Gr3;60,00;6,00;200;4,51;4,79;4,65;;;0%;;0%;;;;;;;;Full Interfacial Fracture;4,65; ;4,57;0;0;0;0;0;0;1;0;0;0;0;0;0;0;0;0;0;0;0;1;0;540,00;0,00;0,00;540,00;D;;;
127681;R1_ITP;60;60;0;60;512;0;15;"197;308;378;518;654;718;761;774;786;776;756;747;742;754;754;";"127;271;406;525;631;711;754;762;749;724;690;660;673;639;639;";20/05/2024;0;0;0;;;;FALSO;0,01;7,00;0,01;0;2000;0;10;0;30;0;10;0;2000;2;7,46;601,00;0,00;107,00;0,00;CC;0;30;0;;;;;;;FALSO;;;;;;11;;;1,2;0,0;0,0;0,0;1,2;5,5;6,0;CP Ti Gr3;60,00;7,00;200;4,90;4,77;4,84;;;0%;;0%;;;;;;;;Partial Interfacial Fracture With Button Pull;4,84; ;4,57;0;0;0;0;1;0;0;0;0;0;0;0;0;0;0;0;0;0;0;1;0;735,00;0,00;0,00;735,00;D;;;
127683;R1_ITP;60;60;0;60;514;0;15;"192;303;376;523;659;727;761;772;781;772;767;752;767;738;738;";"131;279;419;538;643;715;754;758;741;720;694;660;669;631;631;";20/05/2024;0;0;0;;;;FALSO;0,01;7,00;0,01;0;2000;0;10;0;30;0;10;0;2000;2;7,47;601,00;0,00;107,00;0,00;CC;0;30;0;;;;;;;FALSO;;;;;;12;;;1,2;0,0;0,0;0,0;1,2;5,5;6,0;CP Ti Gr3;60,00;7,00;200;4,97;5,06;5,02;;;0%;;0%;;;;;;;;Partial Interfacial Fracture With Button Pull;5,02; ;4,57;0;0;0;0;1;0;0;0;0;0;0;0;0;0;0;0;0;0;0;1;0;735,00;0,00;0,00;735,00;D;;;
127685;R1_ITP;60;60;0;60;516;0;15;"246;373;448;609;761;842;894;901;906;894;876;858;865;853;853;";"131;296;461;593;711;783;813;809;779;749;711;669;694;639;639;";20/05/2024;0;0;0;;;;FALSO;0,01;8,00;0,01;0;2000;0;10;0;30;0;10;0;2000;2;8,58;639,00;0,00;132,00;0,00;CC;0;30;0;;;;;;;FALSO;;;;;;13;;;1,2;0,0;0,0;0,0;1,2;5,5;6,0;CP Ti Gr3;60,00;8,00;200;4,96;4,90;4,93;;;0%;;0%;;;;;;;;Sin defectos;4,93; ;4,57;0;0;0;0;0;0;0;0;0;0;0;0;0;0;0;0;0;0;0;0;0;960,00;0,00;0,00;960,00;D;;;
127687;R1_ITP;60;60;0;60;518;0;15;"231;378;477;613;763;844;881;903;899;890;874;851;867;829;829;";"144;305;461;597;711;783;813;800;775;749;715;669;686;643;643;";20/05/2024;0;0;0;;;;FALSO;0,01;8,00;0,01;0;2000;0;10;0;30;0;10;0;2000;2;8,54;639,00;0,00;131,00;0,00;CC;0;30;0;;;;;;;FALSO;;;;;;14;;;1,2;0,0;0,0;0,0;1,2;5,5;6,0;CP Ti Gr3;60,00;8,00;200;5,05;4,94;5,00;;;0%;;0%;;;;;;;;Sin defectos;5,00; ;4,57;0;0;0;0;0;0;0;0;0;0;0;0;0;0;0;0;0;0;0;0;0;960,00;0,00;0,00;960,00;D;;;
129391;R1_ITP;60;60;0;60;692;0;20;"258;443;601;712;841;971;1008;1017;1008;998;980;961;952;934;924;924;924;906;943;943;";"152;338;521;660;762;830;855;851;817;766;711;669;639;614;588;563;542;546;529;529;";21/05/2024;0;0;0;;;;FALSO;0,01;9,00;0,01;0;2000;0;10;0;40;0;10;0;2000;2;9,37;648,00;0,00;211,00;0,00;CC;0;40;0;;;;;;;FALSO;;;;;;15;;;1,2;0,0;0,0;0,0;1,2;5,5;6,0;CP Ti Gr3;60,00;9,00;200;6,25;6,30;6,27;;;0%;;0%;;;;;;;;Sin defectos;6,27; ;4,57;0;0;0;0;0;0;0;0;0;0;0;0;0;0;0;0;0;0;0;0;0;1620,00;0,00;0,00;1620,00;D;;;
129393;R1_ITP;60;60;0;60;694;0;20;"277;471;610;702;832;961;1017;1017;998;989;980;971;943;924;924;934;924;924;943;943;";"169;347;512;643;754;821;834;826;813;762;720;686;648;614;584;563;554;563;542;542;";21/05/2024;0;0;0;;;;FALSO;0,01;9,00;0,01;0;2000;0;10;0;40;0;10;0;2000;2;9,32;643,00;0,00;211,00;0,00;CC;0;40;0;;;;;;;FALSO;;;;;;16;;;1,2;0,0;0,0;0,0;1,2;5,5;6,0;CP Ti Gr3;60,00;9,00;200;6,43;6,70;6,57;;;0%;;0%;;;;;;;;Sin defectos;6,57; ;4,57;0;0;0;0;0;0;0;0;0;0;0;0;0;0;0;0;0;0;0;0;0;1620,00;0,00;0,00;1620,00;D;;;
129395;R1_ITP;60;60;0;60;696;0;25;"286;490;628;758;841;906;1008;1026;998;989;961;952;943;943;934;924;924;924;934;915;906;934;915;961;961;";"148;317;478;626;737;804;830;826;796;749;707;669;635;605;584;576;559;546;529;521;512;504;504;499;499;";21/05/2024;0;0;0;;;;FALSO;0,01;9,00;0,01;0;2000;0;10;0;50;0;10;0;2000;2;9,25;610,00;0,00;257,00;0,00;CC;0;50;0;;;;;;;FALSO;;;;;;17;;;1,2;0,0;0,0;0,0;1,2;5,5;6,0;CP Ti Gr3;60,00;9,00;200;6,89;6,65;6,77;;;0%;;0%;;;;;;;;Expulsión entre láminas;6,77; ;4,57;0;0;0;0;0;0;0;0;1;0;0;0;0;0;0;0;0;0;0;1;1;2025,00;0,00;0,00;2025,00;D;;;
129397;R1_ITP;60;60;0;60;698;0;25;"286;480;628;749;823;934;1008;1026;1017;998;971;943;943;943;924;934;924;924;924;924;924;915;924;934;934;";"148;338;508;648;758;817;843;838;809;766;715;669;635;614;584;567;554;538;533;529;516;499;491;491;491;";21/05/2024;0;0;0;;;;FALSO;0,01;9,00;0,01;0;2000;0;10;0;50;0;10;0;2000;2;9,26;618,00;0,00;261,00;0,00;CC;0;50;0;;;;;;;FALSO;;;;;;18;;;1,2;0,0;0,0;0,0;1,2;5,5;6,0;CP Ti Gr3;60,00;9,00;200;6,79;6,48;6,63;;;0%;;0%;;;;;;;;Expulsión entre láminas;6,63; ;4,57;0;0;0;0;0;0;0;0;1;0;0;0;0;0;0;0;0;0;0;1;1;2025,00;0,00;0,00;2025,00;D;;;
129399;R1_ITP;60;60;0;60;700;0;30;"286;480;619;749;860;934;989;1017;1017;971;961;961;943;952;934;934;934;924;924;924;934;915;915;915;915;924;934;943;952;952;";"152;326;499;639;749;813;843;838;804;762;711;673;639;610;588;563;550;529;516;512;504;495;478;470;470;457;449;444;449;449;";21/05/2024;0;0;0;;;;FALSO;0,01;9,00;0,01;0;2000;0;10;0;60;0;10;0;2000;2;9,23;588,00;0,00;303,00;0,00;CC;0;60;0;;;;;;;FALSO;;;;;;19;;;1,2;0,0;0,0;0,0;1,2;5,5;6,0;CP Ti Gr3;60,00;9,00;200;7,38;7,22;7,30;;;0%;;0%;;;;;;;;Sin defectos;7,30; ;4,57;0;0;0;0;0;0;0;0;0;0;0;0;0;0;0;0;0;0;0;0;0;2430,00;0,00;0,00;2430,00;D;;;
129401;R1_ITP;60;60;0;60;702;0;30;"286;462;610;776;878;943;989;1008;998;980;980;971;943;934;924;934;934;934;934;915;915;924;934;943;934;934;924;934;915;915;";"160;343;508;643;754;809;830;826;800;758;715;686;652;610;584;567;554;542;529;521;508;499;495;491;478;465;449;461;453;453;";21/05/2024;0;0;0;;;;FALSO;0,01;9,00;0,01;0;2000;0;10;0;60;0;10;0;2000;2;9,22;593,00;0,00;303,00;0,00;CC;0;60;0;;;;;;;FALSO;;;;;;20;;;1,2;0,0;0,0;0,0;1,2;5,5;6,0;CP Ti Gr3;60,00;9,00;200;7,38;7,60;7,49;;;0%;;0%;;;;;;;;Sin defectos;7,49; ;4,57;0;0;0;0;0;0;0;0;0;0;0;0;0;0;0;0;0;0;0;0;0;2430,00;0,00;0,00;2430,00;D;;;
129403;R1_ITP;60;60;0;60;704;0;35;"268;462;610;739;850;934;998;1045;1017;998;971;934;943;952;934;915;915;934;934;943;943;924;915;915;924;934;934;934;915;915;915;924;934;915;915;";"144;330;516;665;779;843;872;859;830;779;728;686;652;618;588;576;563;546;538;529;512;495;487;482;474;465;457;453;444;427;419;427;415;440;440;";21/05/2024;0;0;0;;;;FALSO;0,01;9,00;0,01;0;2000;0;10;0;70;0;10;0;2000;2;9,20;580,00;0,00;354,00;0,00;CC;0;70;0;;;;;;;FALSO;;;;;;21;;;1,2;0,0;0,0;0,0;1,2;5,5;6,0;CP Ti Gr3;60,00;9,00;200;7,36;7,77;7,57;;;0%;;0%;;;;;;;;Sin defectos;7,57; ;4,57;0;0;0;0;0;0;0;0;0;0;0;0;0;0;0;0;0;0;0;0;0;2835,00;0,00;0,00;2835,00;D;;;
129405;R1_ITP;60;60;0;60;706;0;35;"277;471;610;749;860;943;998;1017;1017;998;989;971;934;924;934;924;924;924;924;924;943;943;924;934;915;906;934;934;924;897;906;934;961;943;943;";"156;334;512;656;775;851;872;859;817;779;741;694;656;618;597;584;567;546;533;533;521;512;504;491;482;470;461;461;457;449;444;432;436;432;432;";21/05/2024;0;0;0;;;;FALSO;0,01;9,00;0,01;0;2000;0;10;0;70;0;10;0;2000;2;9,20;584,00;0,00;356,00;0,00;CC;0;70;0;;;;;;;FALSO;;;;;;22;;;1,2;0,0;0,0;0,0;1,2;5,5;6,0;CP Ti Gr3;60,00;9,00;200;7,52;6,86;7,19;;;0%;;0%;;;;;;;;Sin defectos;7,19; ;4,57;0;0;0;0;0;0;0;0;0;0;0;0;0;0;0;0;0;0;0;0;0;2835,00;0,00;0,00;2835,00;D;;;
132003;R1_ITP;60;60;0;60;664;0;15;"126;210;269;355;428;457;477;491;507;527;534;541;527;548;548;";"76;165;258;351;449;538;605;652;682;698;703;690;698;686;686;";24/05/2024;0;0;0;;;;FALSO;0,01;5,00;0,01;0;2000;0;10;0;30;0;10;0;2000;2;5,19;529,00;0,00;62,00;0,00;CC;0;30;0;;;;;;;FALSO;;;;;;23;;;1,2;0,0;0,0;0,0;1,2;5,5;6,0;CP Ti Gr3;60,00;5,00;200;0,00;0,00;0,00;;;0%;;0%;;;;;;;;Pegado;0,00; ;4,57;1;0;0;0;0;0;0;0;0;0;0;1;0;0;0;0;0;0;0;1;2;375,00;0,00;0,00;375,00;D;;;
132005;R1_ITP;60;60;0;60;666;0;15;"124;203;262;357;430;457;480;491;505;518;536;541;552;541;541;";"80;173;266;360;453;542;614;665;694;703;707;698;703;698;698;";24/05/2024;0;0;0;;;;FALSO;0,01;5,00;0,01;0;2000;0;10;0;30;0;10;0;2000;2;5,17;533,00;0,00;64,00;0,00;CC;0;30;0;;;;;;;FALSO;;;;;;24;;;1,2;0,0;0,0;0,0;1,2;5,5;6,0;CP Ti Gr3;60,00;5,00;200;0,00;0,00;0,00;;;0%;;0%;;;;;;;;Pegado;0,00; ;4,57;1;0;0;0;0;0;0;0;0;0;0;1;0;0;0;0;0;0;0;1;2;375,00;0,00;0,00;375,00;D;;;
132007;R1_ITP;60;60;0;60;668;0;15;"81;138;190;299;389;421;439;448;457;464;468;480;468;491;491;";"84;173;258;347;432;516;580;622;652;660;665;665;669;665;665;";24/05/2024;0;0;0;;;;FALSO;0,01;4,50;0,01;0;2000;0;10;0;30;0;10;0;2000;2;4,59;508,00;0,00;53,00;0,00;CC;0;30;0;;;;;;;FALSO;;;;;;25;;;1,2;0,0;0,0;0,0;1,2;5,5;6,0;CP Ti Gr3;60,00;4,50;200;0,00;0,00;0,00;;;0%;;0%;;;;;;;;Pegado;0,00; ;4,57;1;0;0;0;0;0;0;0;0;0;0;1;0;0;0;0;0;0;0;1;2;303,75;0,00;0,00;303,75;D;;;
132009;R1_ITP;60;60;0;60;670;0;15;"56;106;160;255;342;371;387;394;398;407;407;412;403;419;419;";"88;169;249;326;402;478;533;571;601;622;631;639;648;648;648;";24/05/2024;0;0;0;;;;FALSO;0,01;4,50;0,01;0;2000;0;10;0;30;0;10;0;2000;2;4,00;478,00;0,00;43,00;0,00;CC;0;30;0;;;;;;;FALSO;;;;;;26;;;1,2;0,0;0,0;0,0;1,2;5,5;6,0;CP Ti Gr3;60,00;4,50;200;0,00;0,00;0,00;;;0%;;0%;;;;;;;;Pegado;0,00; ;4,57;1;0;0;0;0;0;0;0;0;0;0;1;0;0;0;0;0;0;0;1;2;303,75;0,00;0,00;303,75;D;;;
132011;R1_ITP;60;60;0;60;672;0;15;"63;106;158;260;346;371;380;391;396;398;405;407;419;400;400;";"76;156;237;317;393;465;525;563;593;614;635;648;643;652;652;";24/05/2024;0;0;0;;;;FALSO;0,01;4,00;0,01;0;2000;0;10;0;30;0;10;0;2000;2;3,96;474,00;0,00;43,00;0,00;CC;0;30;0;;;;;;;FALSO;;;;;;27;;;1,2;0,0;0,0;0,0;1,2;5,5;6,0;CP Ti Gr3;60,00;4,00;200;0,00;0,00;0,00;;;0%;;0%;;;;;;;;Pegado;0,00; ;4,57;1;0;0;0;0;0;0;0;0;0;0;1;0;0;0;0;0;0;0;1;2;240,00;0,00;0,00;240,00;D;;;
132013;R1_ITP;60;60;0;60;674;0;15;"47;86;140;246;342;376;391;398;403;416;423;423;423;425;425;";"88;182;266;351;436;512;567;605;631;639;648;656;656;652;652;";24/05/2024;0;0;0;;;;FALSO;0,01;4,00;0,01;0;2000;0;10;0;30;0;10;0;2000;2;4,08;499,00;0,00;45,00;0,00;CC;0;30;0;;;;;;;FALSO;;;;;;28;;;1,2;0,0;0,0;0,0;1,2;5,5;6,0;CP Ti Gr3;60,00;4,00;200;0,00;0,00;0,00;;;0%;;0%;;;;;;;;Pegado;0,00; ;4,57;1;0;0;0;0;0;0;0;0;0;0;1;0;0;0;0;0;0;0;1;2;240,00;0,00;0,00;240,00;D;;;
132015;R1_ITP;60;60;0;60;676;0;15;"40;81;124;215;299;332;346;339;342;346;342;344;342;351;351;";"67;148;203;254;326;389;436;478;508;525;546;559;567;554;554;";24/05/2024;0;0;0;;;;FALSO;0,01;3,50;0,01;0;2000;0;10;0;30;0;10;0;2000;2;3,38;402,00;0,00;31,00;0,00;CC;0;30;0;;;;;;;FALSO;;;;;;29;;;1,2;0,0;0,0;0,0;1,2;5,5;6,0;CP Ti Gr3;60,00;3,50;200;0,00;0,00;0,00;;;0%;;0%;;;;;;;;Pegado;0,00; ;4,57;1;0;0;0;0;0;0;0;0;0;0;1;0;0;0;0;0;0;0;1;2;183,75;0,00;0,00;183,75;D;;;
132017;R1_ITP;60;60;0;60;678;0;15;"31;56;95;199;292;330;348;348;351;351;348;353;351;366;366;";"80;156;224;292;372;440;491;529;550;567;580;584;588;593;593;";24/05/2024;0;0;0;;;;FALSO;0,01;3,50;0,01;0;2000;0;10;0;30;0;10;0;2000;2;3,44;436,00;0,00;34,00;0,00;CC;0;30;0;;;;;;;FALSO;;;;;;30;;;1,2;0,0;0,0;0,0;1,2;5,5;6,0;CP Ti Gr3;60,00;3,50;200;0,00;0,00;0,00;;;0%;;0%;;;;;;;;Pegado;0,00; ;4,57;1;0;0;0;0;0;0;0;0;0;0;1;0;0;0;0;0;0;0;1;2;183,75;0,00;0,00;183,75;D;;;
132023;R1_ITP;60;60;0;60;684;0;15;"332;545;647;758;860;906;961;980;971;971;943;943;915;971;971;";"97;232;389;508;610;682;715;724;715;694;660;631;631;614;614;";24/05/2024;0;0;0;;;;FALSO;0,01;9,00;0,01;0;2000;0;10;0;30;0;10;0;2000;2;9,40;576,00;0,00;130,00;0,00;CC;0;30;0;;;;;;;FALSO;;;;;;31;;;1,2;0,0;0,0;0,0;1,2;5,5;6,0;CP Ti Gr3;60,00;9,00;400;6,32;6,15;6,23;;;0%;;0%;;;;;;;;Expulsión entre láminas;6,23; ;4,57;0;0;0;0;0;0;0;0;1;0;0;0;0;0;0;0;0;0;0;1;1;607,50;0,00;0,00;607,50;D;;;
132025;R1_ITP;60;60;0;60;686;0;15;"314;527;647;767;869;924;971;989;971;971;971;952;971;915;915;";"114;254;398;529;626;690;737;745;728;707;677;635;669;618;618;";24/05/2024;0;0;0;;;;FALSO;0,01;9,00;0,01;0;2000;0;10;0;30;0;10;0;2000;2;9,46;584,00;0,00;132,00;0,00;CC;0;30;0;;;;;;;FALSO;;;;;;32;;;1,2;0,0;0,0;0,0;1,2;5,5;6,0;CP Ti Gr3;60,00;9,00;400;5,84;6,11;5,97;;;0%;;0%;;;;;;;;Expulsión entre láminas;5,97; ;4,57;0;0;0;0;0;0;0;0;1;0;0;0;0;0;0;0;0;0;0;1;1;607,50;0,00;0,00;607,50;D;;;
132027;R1_ITP;60;60;0;60;688;0;15;"360;573;656;786;887;915;952;943;943;952;952;952;934;961;961;";"97;216;347;461;567;648;690;711;703;682;669;652;660;631;631;";24/05/2024;0;0;0;;;;FALSO;0,01;9,00;0,01;0;2000;0;10;0;30;0;10;0;2000;2;9,37;559,00;0,00;126,00;0,00;CC;0;30;0;;;;;;;FALSO;;;;;;33;;;1,2;0,0;0,0;0,0;1,2;5,5;6,0;CP Ti Gr3;60,00;9,00;600;5,66;5,49;5,57;;;0%;;0%;;;;;;;;Expulsión entre láminas;5,57; ;4,57;0;0;0;0;0;0;0;0;1;0;0;0;0;0;0;0;0;0;0;1;1;405,00;0,00;0,00;405,00;D;;;
132029;R1_ITP;60;60;0;60;690;0;15;"332;545;665;776;878;924;943;961;961;971;971;943;952;924;924;";"101;232;377;491;588;665;698;707;707;694;669;643;656;626;626;";24/05/2024;0;0;0;;;;FALSO;0,01;9,00;0,01;0;2000;0;10;0;30;0;10;0;2000;2;9,38;567,00;0,00;128,00;0,00;CC;0;30;0;;;;;;;FALSO;;;;;;34;;;1,2;0,0;0,0;0,0;1,2;5,5;6,0;CP Ti Gr3;60,00;9,00;600;6,08;5,24;5,66;;;0%;;0%;;;;;;;;Expulsión entre láminas;5,66; ;4,57;0;0;0;0;0;0;0;0;1;0;0;0;0;0;0;0;0;0;0;1;1;405,00;0,00;0,00;405,00;D;;;
133860;R1_ITP;Prog =  60;60;0;60;668;0;25;"45;90;151;226;267;299;328;339;348;353;355;357;355;357;366;371;366;362;366;364;362;366;369;369;369;";"59;135;211;288;364;432;491;542;576;605;626;635;639;639;643;643;635;622;614;601;601;593;605;584;584;";30/05/2024;0;0;0;;;;FALSO;0,01;3,50;0,01;0;1000;0;10;0;50;0;10;0;2000;2;3,54;529,00;0,00;81,00;0,00;CC;0;50;0;;;;;;;FALSO;;;;;;35;;;1,0;1,0;0,0;0,0;0,6;5,5;6,0;CP Ti Gr3;60,00;3,50;200;3,15;3,09;3,12;;;0%;;0%;;;;;;;;Partial Interfacial Fracture With Button Pull;3,12; ;2,68;0;0;0;0;1;0;0;0;0;0;0;0;0;0;0;0;0;0;0;1;0;306,25;0,00;0,00;306,25;D;;;
133862;R1_ITP;Prog =  60;60;0;60;670;0;25;"49;101;160;228;267;299;332;339;339;346;348;351;357;362;364;362;366;366;362;364;364;366;357;366;366;";"67;131;199;271;347;415;478;525;559;580;597;610;614;622;631;631;622;618;614;610;605;605;605;597;597;";30/05/2024;0;0;0;;;;FALSO;0,01;3,50;0,01;0;1000;0;10;0;50;0;10;0;2000;2;3,51;521,00;0,00;79,00;0,00;CC;0;50;0;;;;;;;FALSO;;;;;;36;;;1,0;1,0;0,0;0,0;0,6;5,5;6,0;CP Ti Gr3;60,00;3,50;200;3,22;3,22;3,22;;;0%;;0%;;;;;;;;Sin defectos;3,22; ;2,68;0;0;0;0;0;0;0;0;0;0;0;0;0;0;0;0;0;0;0;0;0;306,25;0,00;0,00;306,25;D;;;
133864;R1_ITP;Prog =  60;60;0;60;672;0;25;"97;172;249;321;351;385;430;441;443;459;468;471;473;473;477;473;471;475;468;471;473;473;466;475;475;";"76;152;241;338;427;504;576;635;665;690;707;711;707;694;686;682;669;656;648;635;622;610;618;601;601;";30/05/2024;0;0;0;;;;FALSO;0,01;4,50;0,01;0;1000;0;10;0;50;0;10;0;2000;2;4,59;580,00;0,00;118,00;0,00;CC;0;50;0;;;;;;;FALSO;;;;;;37;;;1,0;1,0;0,0;0,0;0,6;5,5;6,0;CP Ti Gr3;60,00;4,50;200;3,72;3,78;3,75;;;0%;;0%;;;;;;;;Partial Interfacial Fracture With Button Pull;3,75; ;2,68;0;0;0;0;1;0;0;0;0;0;0;0;0;0;0;0;0;0;0;1;0;506,25;0,00;0,00;506,25;D;;;
133866;R1_ITP;Prog =  60;60;0;60;674;0;25;"86;154;228;321;373;400;432;443;453;462;468;477;475;475;475;471;473;466;471;466;464;473;466;482;482;";"84;173;266;364;453;529;588;639;673;694;703;703;694;690;677;665;652;639;631;622;614;601;610;597;597;";30/05/2024;0;0;0;;;;FALSO;0,01;4,50;0,01;0;1000;0;10;0;50;0;10;0;2000;2;4,60;580,00;0,00;117,00;0,00;CC;0;50;0;;;;;;;FALSO;;;;;;38;;;1,0;1,0;0,0;0,0;0,6;5,5;6,0;CP Ti Gr3;60,00;4,50;200;4,25;4,28;4,26;;;0%;;0%;;;;;;;;Sin defectos;4,26; ;2,68;0;0;0;0;0;0;0;0;0;0;0;0;0;0;0;0;0;0;0;0;0;506,25;0,00;0,00;506,25;D;;;
133868;R1_ITP;Prog =  60;60;0;60;676;0;25;"197;326;412;477;507;543;573;598;616;622;636;638;643;641;636;638;629;631;629;625;629;625;636;616;616;";"84;182;296;402;508;601;669;724;762;775;775;775;766;754;732;707;690;677;665;643;626;618;618;614;614;";30/05/2024;0;0;0;;;;FALSO;0,01;6,00;0,01;0;1000;0;10;0;50;0;10;0;2000;2;6,17;626,00;0,00;173,00;0,00;CC;0;50;0;;;;;;;FALSO;;;;;;39;;;1,0;1,0;0,0;0,0;0,6;5,5;6,0;CP Ti Gr3;60,00;6,00;200;4,60;4,30;4,45;;;0%;;0%;;;;;;;;Sin defectos;4,45; ;2,68;0;0;0;0;0;0;0;0;0;0;0;0;0;0;0;0;0;0;0;0;0;900,00;0,00;0,00;900,00;D;;;
133870;R1_ITP;Prog =  60;60;0;60;678;0;25;"185;308;389;471;514;543;591;616;631;641;636;643;643;638;638;631;631;629;627;627;618;622;602;638;638;";"88;203;317;427;529;618;690;737;762;771;758;741;728;711;694;673;648;631;618;610;601;588;588;580;580;";30/05/2024;0;0;0;;;;FALSO;0,01;6,00;0,01;0;1000;0;10;0;50;0;10;0;2000;2;6,18;610,00;0,00;168,00;0,00;CC;0;50;0;;;;;;;FALSO;;;;;;40;;;1,0;1,0;0,0;0,0;0,6;5,5;6,0;CP Ti Gr3;60,00;6,00;200;4,78;4,82;4,80;;;0%;;0%;;;;;;;;Sin defectos;4,80; ;2,68;0;0;0;0;0;0;0;0;0;0;0;0;0;0;0;0;0;0;0;0;0;900,00;0,00;0,00;900,00;D;;;
133872;R1_ITP;Prog =  60;60;0;60;680;0;25;"276;434;516;591;631;695;763;792;819;826;829;824;810;806;792;786;783;779;786;779;776;781;783;795;795;";"101;228;368;508;648;749;817;859;872;864;838;809;775;741;711;682;660;643;631;614;601;584;588;576;576;";30/05/2024;0;0;0;;;;FALSO;0,01;7,50;0,01;0;1000;0;10;0;50;0;10;0;2000;2;7,79;665,00;0,00;231,00;0,00;CC;0;50;0;;;;;;;FALSO;;;;;;41;;;1,0;1,0;0,0;0,0;0,6;5,5;6,0;CP Ti Gr3;60,00;7,50;200;4,95;5,20;5,08;;;0%;;0%;;;;;;;;Expulsión entre láminas;5,08; ;2,68;0;0;0;0;0;0;0;0;1;0;0;0;0;0;0;0;0;0;0;1;1;1406,25;0,00;0,00;1406,25;D;;;
133874;R1_ITP;Prog =  60;60;0;60;682;0;25;"262;421;520;598;631;690;772;813;822;826;824;810;808;795;790;786;779;781;779;786;781;772;779;763;763;";"101;232;381;521;643;741;813;847;855;843;817;783;754;724;694;669;648;631;618;605;593;576;584;554;554;";30/05/2024;0;0;0;;;;FALSO;0,01;7,50;0,01;0;1000;0;10;0;50;0;10;0;2000;2;7,77;652,00;0,00;229,00;0,00;CC;0;50;0;;;;;;;FALSO;;;;;;42;;;1,0;1,0;0,0;0,0;0,6;5,5;6,0;CP Ti Gr3;60,00;7,50;200;5,46;5,17;5,31;;;0%;;0%;;;;;;;;Sin defectos;5,31; ;2,68;0;0;0;0;0;0;0;0;0;0;0;0;0;0;0;0;0;0;0;0;0;1406,25;0,00;0,00;1406,25;D;;;
133876;R1_ITP;Prog =  60;60;0;60;684;0;25;"323;527;619;730;804;878;971;989;989;989;980;971;952;952;943;934;943;924;924;924;924;934;915;952;952;";"131;288;461;618;754;855;902;919;898;864;826;783;745;707;682;660;635;614;597;580;567;559;563;559;559;";30/05/2024;0;0;0;;;;FALSO;0,01;9,00;0,01;0;1000;0;10;0;50;0;10;0;2000;2;9,31;677,00;0,00;285,00;0,00;CC;0;50;0;;;;;;;FALSO;;;;;;43;;;1,0;1,0;0,0;0,0;0,6;5,5;6,0;CP Ti Gr3;60,00;9,00;200;5,86;5,97;5,91;;;0%;;0%;;;;;;;;Expulsión entre láminas;5,91; ;2,68;0;0;0;0;0;0;0;0;1;0;0;0;0;0;0;0;0;0;0;1;1;2025,00;0,00;0,00;2025,00;D;;;
133878;R1_ITP;Prog =  60;60;0;60;686;0;25;"323;508;638;749;795;878;961;989;1017;1008;971;943;961;952;943;943;915;915;915;924;952;934;952;915;915;";"131;300;482;643;758;838;893;906;893;868;826;775;737;698;673;652;622;601;593;588;567;550;554;538;538;";30/05/2024;0;0;0;;;;FALSO;0,01;9,00;0,01;0;1000;0;10;0;50;0;10;0;2000;2;9,33;677,00;0,00;285,00;0,00;CC;0;50;0;;;;;;;FALSO;;;;;;44;;;1,0;1,0;0,0;0,0;0,6;5,5;6,0;CP Ti Gr3;60,00;9,00;200;6,46;6,41;6,43;;;0%;;0%;;;;;;;;Sin defectos;6,43; ;2,68;0;0;0;0;0;0;0;0;0;0;0;0;0;0;0;0;0;0;0;0;0;2025,00;0,00;0,00;2025,00;D;;;
133880;R1_ITP;Prog =  60;60;0;60;688;0;15;"181;296;369;453;523;559;586;611;625;641;645;641;652;636;636;";"88;194;309;427;542;635;715;762;783;800;792;771;775;766;766;";30/05/2024;0;0;0;;;;FALSO;0,01;6,00;0,01;0;1000;0;10;0;30;0;10;0;2000;2;6,27;610,00;0,00;89,00;0,00;CC;0;30;0;;;;;;;FALSO;;;;;;45;;;1,0;1,0;0,0;0,0;0,6;5,5;6,0;CP Ti Gr3;60,00;6,00;200;3,90;4,07;3,99;;;0%;;0%;;;;;;;;Partial Interfacial Fracture With Button Pull;3,99; ;2,68;0;0;0;0;0;1;0;0;0;0;0;0;0;0;0;0;0;0;0;1;0;540,00;0,00;0,00;540,00;D;;;
133882;R1_ITP;Prog =  60;60;0;60;690;0;15;"176;276;339;448;541;573;604;625;634;647;647;650;638;652;652;";"93;207;330;449;559;656;720;758;775;775;775;749;766;737;737;";30/05/2024;0;0;0;;;;FALSO;0,01;6,00;0,01;0;1000;0;10;0;30;0;10;0;2000;2;6,30;605,00;0,00;89,00;0,00;CC;0;30;0;;;;;;;FALSO;;;;;;46;;;1,0;1,0;0,0;0,0;0,6;5,5;6,0;CP Ti Gr3;60,00;6,00;200;4,27;4,11;4,19;;;0%;;0%;;;;;;;;Partial Interfacial Fracture With Button Pull;4,19; ;2,68;0;0;0;0;0;1;0;0;0;0;0;0;0;0;0;0;0;0;0;1;0;540,00;0,00;0,00;540,00;D;;;
133884;R1_ITP;Prog =  60;60;0;60;692;0;35;"188;317;396;462;516;548;575;607;631;645;645;652;654;647;645;634;634;634;631;631;620;620;620;620;629;622;620;622;620;627;622;622;613;620;620;";"88;199;313;423;529;635;715;766;796;800;796;783;766;741;715;694;669;648;631;614;597;588;580;571;563;550;533;525;525;512;508;495;508;487;487;";30/05/2024;0;0;0;;;;FALSO;0,01;6,00;0,01;0;1000;0;10;0;70;0;10;0;2000;2;6,17;601,00;0,00;242,00;0,00;CC;0;70;0;;;;;;;FALSO;;;;;;47;;;1,0;1,0;0,0;0,0;0,6;5,5;6,0;CP Ti Gr3;60,00;6,00;200;4,84;4,98;4,91;;;0%;;0%;;;;;;;;Sin defectos;4,91; ;2,68;0;0;0;0;0;0;0;0;0;0;0;0;0;0;0;0;0;0;0;0;0;1260,00;0,00;0,00;1260,00;D;;;
133886;R1_ITP;Prog =  60;60;0;60;694;0;35;"176;296;382;459;516;559;595;622;629;645;647;647;650;643;643;641;634;631;620;625;627;622;625;618;622;622;618;625;620;622;622;620;622;620;620;";"97;207;330;444;550;648;720;766;792;796;783;771;749;720;694;669;652;635;622;610;588;576;571;559;546;542;529;525;521;512;504;495;499;491;491;";30/05/2024;0;0;0;;;;FALSO;0,01;6,00;0,01;0;1000;0;10;0;70;0;10;0;2000;2;6,16;593,00;0,00;239,00;0,00;CC;0;70;0;;;;;;;FALSO;;;;;;48;;;1,0;1,0;0,0;0,0;0,6;5,5;6,0;CP Ti Gr3;60,00;6,00;200;5,04;5,02;5,03;;;0%;;0%;;;;;;;;Sin defectos;5,03; ;2,68;0;0;0;0;0;0;0;0;0;0;0;0;0;0;0;0;0;0;0;0;0;1260,00;0,00;0,00;1260,00;D;;;
133888;R1_ITP;Prog =  60;60;0;60;696;0;45;"176;299;391;471;516;554;584;602;627;650;652;641;638;647;645;641;636;631;634;627;627;631;622;622;620;625;627;618;622;620;618;620;618;622;620;620;620;613;620;620;616;613;604;627;627;";"88;207;330;432;538;626;703;758;783;800;792;775;762;741;724;698;673;648;635;622;601;593;580;567;563;554;538;529;521;516;508;499;495;487;478;474;470;465;461;453;444;440;440;440;440;";30/05/2024;0;0;0;;;;FALSO;0,01;6,00;0,01;0;1000;0;10;0;90;0;10;0;2000;2;6,12;571,00;0,00;303,00;0,00;CC;0;90;0;;;;;;;FALSO;;;;;;49;;;1,0;1,0;0,0;0,0;0,6;5,5;6,0;CP Ti Gr3;60,00;6,00;200;5,56;5,46;5,51;;;0%;;0%;;;;;;;;Sin defectos;5,51; ;2,68;0;0;0;0;0;0;0;0;0;0;0;0;0;0;0;0;0;0;0;0;0;1620,00;0,00;0,00;1620,00;D;;;
133890;R1_ITP;Prog =  60;60;0;60;698;0;45;"167;287;382;468;523;568;593;611;629;638;647;643;643;638;631;638;636;634;627;622;629;625;627;625;618;622;618;620;618;616;622;620;620;618;613;620;616;620;622;618;620;616;627;607;607;";"97;216;338;449;550;639;703;745;771;779;779;766;741;720;698;677;660;639;626;610;597;593;584;567;546;533;538;529;521;512;508;504;495;487;482;474;470;465;461;461;453;444;449;440;440;";30/05/2024;0;0;0;;;;FALSO;0,01;6,00;0,01;0;1000;0;10;0;90;0;10;0;2000;2;6,12;567,00;0,00;300,00;0,00;CC;0;90;0;;;;;;;FALSO;;;;;;50;;;1,0;1,0;0,0;0,0;0,6;5,5;6,0;CP Ti Gr3;60,00;6,00;200;5,51;5,17;5,34;;;0%;;0%;;;;;;;;Sin defectos;5,34; ;2,68;0;0;0;0;0;0;0;0;0;0;0;0;0;0;0;0;0;0;0;0;0;1620,00;0,00;0,00;1620,00;D;;;
142266;R1_ITP;Prog =  60;60;0;60;956;0;15;"397;610;712;934;1119;1202;1239;1230;1230;1211;1193;1165;1202;1165;1165;";"139;347;554;720;843;902;915;910;859;792;749;698;715;669;669;";25/06/2024;0;0;0;;;;FALSO;0,01;11,00;0,01;0;2000;0;10;0;30;0;10;0;2000;2;11,64;715,00;0,00;204,00;0,00;CC;0;30;0;;;;;;;FALSO;;;;;;51;;;1,2;0,0;0,0;0,0;1,2;5,5;6,0;CP Ti Gr3;60,00;11,00;200;6,15;6,17;6,16;;;0%;;0%;;;;;;;;Expulsión entre láminas;6,16; ;4,57;0;0;0;0;0;0;0;0;1;0;0;0;0;0;0;0;0;0;0;1;1;1815,00;0,00;0,00;1815,00;D;;;
142268;R1_ITP;Prog =  60;60;0;60;958;0;15;"369;582;721;961;1137;1183;1239;1248;1239;1211;1174;1165;1156;1183;1183;";"152;368;580;724;830;893;906;885;843;787;728;686;694;652;652;";25/06/2024;0;0;0;;;;FALSO;0,01;11,00;0,01;0;2000;0;10;0;30;0;10;0;2000;2;11,64;707,00;0,00;204,00;0,00;CC;0;30;0;;;;;;;FALSO;;;;;;52;;;1,2;0,0;0,0;0,0;1,2;5,5;6,0;CP Ti Gr3;60,00;11,00;200;7,02;6,30;6,66;;;0%;;0%;;;;;;;;Expulsión entre láminas;6,66; ;4,57;0;0;0;0;0;0;0;0;1;0;0;0;0;0;0;0;0;0;0;1;1;1815,00;0,00;0,00;1815,00;D;;;
143226;R1_ITP;Prog =  60;60;0;60;958;0;15;"332;545;693;897;1091;1193;1248;1248;1211;1211;1202;1193;1211;1174;1174;";"190;415;622;787;915;982;1008;991;948;885;830;792;809;762;762;";26/06/2024;0;0;0;;;;FALSO;0,01;11,00;0,01;0;2000;0;10;0;30;0;10;0;2000;2;11,73;787,00;0,00;227,00;0,00;CC;0;30;0;;;;;;;FALSO;;;;;;53;1,2+1,2 mm / titanio / SIN pulir / tratadas;;1,2;0,0;0,0;0,0;1,2;5,5;6,0;CP Ti Gr3;60,00;11,00;150;5,86;6,33;6,10;;;0%;;0%;;;;;;;;Expulsión entre láminas;6,10; ;4,57;0;0;0;0;0;0;0;0;1;0;0;0;0;0;0;0;0;0;0;1;1;2420,00;0,00;0,00;2420,00;D;;;
143228;R1_ITP;Prog =  60;60;0;60;960;0;15;"397;591;693;924;1119;1202;1230;1230;1239;1220;1193;1156;1165;1109;1109;";"144;355;567;741;876;948;965;944;902;847;792;749;754;724;724;";26/06/2024;0;0;0;;;;FALSO;0,01;11,00;0,01;0;2000;0;10;0;30;0;10;0;2000;2;11,69;749,00;0,00;217,00;0,00;CC;0;30;0;;;;;;;FALSO;;;;;;54;1,2+1,2 mm / titanio / SIN pulir / tratadas;;1,2;0,0;0,0;0,0;1,2;5,5;6,0;CP Ti Gr3;60,00;11,00;150;6,89;5,90;6,39;;;0%;;0%;;;;;;;;Expulsión entre láminas;6,39; ;4,57;0;0;0;0;0;0;0;0;1;0;0;0;0;0;0;0;0;0;0;1;1;2420,00;0,00;0,00;2420,00;D;;;
144566;R1_ITP;Prog =  60;60;0;60;2298;0;25;"0;2;27;70;92;133;181;197;208;215;210;212;210;208;208;206;208;208;206;203;206;206;210;199;199;";"38;93;135;182;245;305;351;389;419;436;436;436;432;427;423;419;419;419;415;410;410;415;415;410;410;";27/06/2024;0;0;0;;;;FALSO;0,01;2,00;0,01;0;1000;0;10;0;50;0;10;0;2000;2;2,03;364,00;0,00;30,00;0,00;CC;0;50;0;;;;;;;FALSO;;;;;;55;1+1+0,55 mm / titanio / SIN pulir / NO tratadas;;1,0;1,0;0,0;0,0;0,6;5,5;6,0;CP Ti Gr3;60,00;2,00;200;0,00;0,00;0,00;;;0%;;0%;;;;;;;;Pegado;3,48; ;2,68;0;0;0;0;0;0;0;0;0;0;0;1;0;0;0;0;0;0;0;1;2;100,00;0,00;0,00;100,00;D;;;
144567;R1_ITP;Prog =  60;60;0;60;2299;0;25;"0;0;20;56;81;122;169;194;210;217;219;217;212;219;219;210;206;206;208;206;208;208;208;212;212;";"55;105;156;211;279;351;406;444;470;478;482;482;474;465;461;449;444;436;432;427;432;432;449;419;419;";27/06/2024;0;0;0;;;;FALSO;0,01;2,00;0,01;0;1000;0;10;0;50;0;10;0;2000;2;2,07;393,00;0,00;33,00;0,00;CC;0;50;0;;;;;;;FALSO;;;;;;56;1+1+0,55 mm / titanio / SIN pulir / NO tratadas;;1,0;1,0;0,0;0,0;0,6;5,5;6,0;CP Ti Gr3;60,00;2,00;200;0,00;0,00;0,00;;;0%;;0%;;;;;;;;Pegado;3,50; ;2,68;0;0;0;0;0;0;0;0;0;0;0;1;0;0;0;0;0;0;0;1;2;100,00;0,00;0,00;100,00;D;;;
144568;R1_ITP;Prog =  60;60;0;60;2300;0;25;"2;6;24;65;97;138;185;201;208;217;219;212;206;206;203;201;203;208;206;203;206;203;208;197;197;";"46;88;135;190;249;305;347;381;402;410;410;410;406;398;398;393;398;398;393;393;393;393;398;398;398;";27/06/2024;0;0;0;;;;FALSO;0,01;2,00;0,01;0;1000;0;10;0;50;0;10;0;2000;2;2,03;347,00;0,00;29,00;0,00;CC;0;50;0;;;;;;;FALSO;;;;;;57;1+1+0,55 mm / titanio / SIN pulir / NO tratadas;;1,0;1,0;0,0;0,0;0,6;5,5;6,0;CP Ti Gr3;60,00;2,00;200;0,00;0,00;0,00;;;0%;;0%;;;;;;;;Pegado;3,41; ;2,68;0;0;0;0;0;0;0;0;0;0;0;1;0;0;0;0;0;0;0;1;2;100,00;0,00;0,00;100,00;D;;;
144569;R1_ITP;Prog =  60;60;0;60;2301;0;25;"2;6;22;63;97;133;176;197;208;215;212;212;212;212;212;208;210;206;203;208;203;199;199;203;203;";"59;118;160;203;262;321;368;406;436;444;449;453;449;444;440;436;427;423;423;423;423;423;440;419;419;";27/06/2024;0;0;0;;;;FALSO;0,01;2,00;0,01;0;1000;0;10;0;50;0;10;0;2000;2;2,04;377,00;0,00;32,00;0,00;CC;0;50;0;;;;;;;FALSO;;;;;;58;1+1+0,55 mm / titanio / SIN pulir / NO tratadas;;1,0;1,0;0,0;0,0;0,6;5,5;6,0;CP Ti Gr3;60,00;2,00;200;0,00;0,00;0,00;;;0%;;0%;;;;;;;;Pegado;3,47; ;2,68;0;0;0;0;0;0;0;0;0;0;0;1;0;0;0;0;0;0;0;1;2;100,00;0,00;0,00;100,00;D;;;
144570;R1_ITP;Prog =  60;60;0;60;2302;0;25;"20;47;92;158;203;251;301;317;323;317;310;308;303;301;303;305;303;303;308;310;305;303;299;312;312;";"67;131;194;271;347;410;457;491;504;516;525;525;529;533;533;533;538;546;550;546;542;542;538;542;542;";27/06/2024;0;0;0;;;;FALSO;0,01;3,00;0,01;0;1000;0;10;0;50;0;10;0;2000;2;3,01;461,00;0,00;60,00;0,00;CC;0;50;0;;;;;;;FALSO;;;;;;59;1+1+0,55 mm / titanio / SIN pulir / NO tratadas;;1,0;1,0;0,0;0,0;0,6;5,5;6,0;CP Ti Gr3;60,00;3,00;200;0,00;0,00;0,00;;;0%;;0%;;;;;;;;Pegado;3,57; ;2,68;0;0;0;0;0;0;0;0;0;0;0;1;0;0;0;0;0;0;0;1;2;225,00;0,00;0,00;225,00;D;;;
144571;R1_ITP;Prog =  60;60;0;60;2303;0;25;"38;79;120;176;219;260;294;303;303;301;301;303;303;301;296;305;308;301;303;308;308;308;310;308;308;";"55;114;160;216;279;343;389;427;449;461;474;478;487;491;495;499;508;512;512;512;516;516;521;521;521;";27/06/2024;0;0;0;;;;FALSO;0,01;3,00;0,01;0;1000;0;10;0;50;0;10;0;2000;2;2,97;423,00;0,00;54,00;0,00;CC;0;50;0;;;;;;;FALSO;;;;;;60;1+1+0,55 mm / titanio / SIN pulir / NO tratadas;;1,0;1,0;0,0;0,0;0,6;5,5;6,0;CP Ti Gr3;60,00;3,00;200;0,00;0,00;0,00;;;0%;;0%;;;;;;;;Pegado;3,55; ;2,68;0;0;0;0;0;0;0;0;0;0;0;1;0;0;0;0;0;0;0;1;2;225,00;0,00;0,00;225,00;D;;;
144572;R1_ITP;Prog =  60;60;0;60;2304;0;25;"20;52;108;174;210;253;299;310;312;312;305;301;305;303;301;301;305;305;303;308;305;303;303;305;305;";"55;127;186;249;321;381;427;461;482;491;499;504;504;508;512;512;516;516;516;521;521;521;521;542;542;";27/06/2024;0;0;0;;;;FALSO;0,01;3,00;0,01;0;1000;0;10;0;50;0;10;0;2000;2;3,00;440,00;0,00;57,00;0,00;CC;0;50;0;;;;;;;FALSO;;;;;;61;1+1+0,55 mm / titanio / SIN pulir / NO tratadas;;1,0;1,0;0,0;0,0;0,6;5,5;6,0;CP Ti Gr3;60,00;3,00;200;0,00;0,00;0,00;;;0%;;0%;;;;;;;;Pegado;3,30; ;2,68;0;0;0;0;0;0;0;0;0;0;0;1;0;0;0;0;0;0;0;1;2;225,00;0,00;0,00;225,00;D;;;
144573;R1_ITP;Prog =  60;60;0;60;2305;0;25;"27;56;110;176;215;258;305;314;312;317;312;303;301;303;305;303;299;299;303;301;301;308;299;312;312;";"76;135;182;241;309;368;415;449;465;474;478;478;478;487;487;495;499;499;504;504;508;508;512;512;512;";27/06/2024;0;0;0;;;;FALSO;0,01;3,00;0,01;0;1000;0;10;0;50;0;10;0;2000;2;2,99;427,00;0,00;55,00;0,00;CC;0;50;0;;;;;;;FALSO;;;;;;62;1+1+0,55 mm / titanio / SIN pulir / NO tratadas;;1,0;1,0;0,0;0,0;0,6;5,5;6,0;CP Ti Gr3;60,00;3,00;200;0,00;0,00;0,00;;;0%;;0%;;;;;;;;Pegado;3,52; ;2,68;0;0;0;0;0;0;0;0;0;0;0;1;0;0;0;0;0;0;0;1;2;225,00;0,00;0,00;225,00;D;;;
298689;R1_ITP;Prog =  60;60;0;60;1;0;25;"107;191;288;391;445;521;609;650;671;684;678;659;661;659;654;648;633;633;633;639;635;622;628;609;609;";"139;296;436;571;694;800;885;923;931;927;906;868;826;796;762;732;707;682;652;635;626;614;626;601;601;";18/02/2025;0;0;0;;;;FALSO;2,00;6,00;3,00;0;1000;;10;;50;;;;2000;2;6,35;711,00;0,00;208,00;;CC;;50;;;;;;;;FALSO;;;;;;63;1+1+0,55 mm / titanio / Sin pulir / NO tratadas;;1,0;1,0;0,0;0,0;0,6;5,5;6,0;CP Ti Gr3;60,00;6,00;250;4,09;4,13;4,11;;;;;;;;;;;;;;4,11; ;2,68;0;;;;;;;;1;;;0;;;;;;;;;1;;;;;D;;;
298690;R1_ITP;Prog =  60;60;0;60;2;0;25;"75;135;215;318;381;432;503;536;549;555;553;557;547;538;536;529;531;525;523;523;519;525;512;531;531;";"118;254;368;478;593;682;749;804;826;817;804;779;749;724;698;677;656;639;626;614;601;588;588;580;580;";18/02/2025;0;0;0;;;;FALSO;2,00;5,00;3,00;0;1000;;10;;50;;;;2000;2;5,24;639,00;0,00;153,00;;CC;;50;;;;;;;;FALSO;;;;;;64;1+1+0,55 mm / titanio / Sin pulir / NO tratadas;;1,0;1,0;0,0;0,0;0,6;5,5;6,0;CP Ti Gr3;60,00;5,00;250;3,04;2,92;2,98;;;;;;;;;;;;;;2,98; ;2,68;0;;;;;;;;1;;;0;;;;;;;;;1;;;;;D;;;
298691;R1_ITP;Prog =  60;60;0;60;3;0;25;"6;17;60;131;176;228;284;303;312;314;325;329;314;318;316;318;325;318;318;316;316;316;318;316;316;";"84;169;245;330;423;504;563;610;643;665;677;673;660;652;643;631;622;610;597;593;580;576;580;576;576;";18/02/2025;0;0;0;;;;FALSO;2,00;3,00;3,00;0;1000;;10;;50;;;;2000;2;3,10;550,00;0,00;76,00;;CC;;50;;;;;;;;FALSO;;;;;;65;1+1+0,55 mm / titanio / Sin pulir / NO tratadas;;1,0;1,0;0,0;0,0;0,6;5,5;6,0;CP Ti Gr3;60,00;3,00;250;0,00;0,00;0,00;;;;;;;;;;;;;Pegado;0,00; ;2,68;1;;;;;;;;0;;;1;;;;;;;;;2;;;;;D;;;
298692;R1_ITP;Prog =  60;60;0;60;4;0;25;"2;0;12;45;75;114;163;187;200;206;208;208;215;208;204;208;206;208;206;206;208;204;211;200;200;";"63;114;160;216;292;360;423;474;499;521;533;538;538;542;533;529;525;521;525;521;521;521;533;516;516;";18/02/2025;0;0;0;;;;FALSO;2,00;2,00;3,00;0;1000;;10;;50;;;;2000;2;2,03;449,00;0,00;39,00;;CC;;50;;;;;;;;FALSO;;;;;;66;1+1+0,55 mm / titanio / Sin pulir / NO tratadas;;1,0;1,0;0,0;0,0;0,6;5,5;6,0;CP Ti Gr3;60,00;2,00;250;0,00;0,00;0,00;;;;;;;;;;;;;Pegado;0,00; ;2,68;1;;;;;;;;0;;;1;;;;;;;;;2;;;;;D;;;
298693;R1_ITP;Prog =  60;60;0;60;5;0;30;"103;180;275;398;495;562;607;643;676;678;674;671;652;650;646;637;633;626;631;631;628;628;624;624;618;622;628;628;633;633;";"148;305;453;588;711;809;872;902;910;902;876;838;800;762;732;711;686;665;639;626;618;601;593;576;567;559;550;554;554;554;";18/02/2025;0;0;0;;;;FALSO;2,00;6,00;3,00;0;1000;;10;;60;;;;2000;2;6,26;677,00;0,00;243,00;;CC;;60;;;;;;;;FALSO;;;;;;67;1+1+0,55 mm / titanio / Sin pulir / NO tratadas;;1,0;1,0;0,0;0,0;0,6;5,5;6,0;CP Ti Gr3;60,00;6,00;250;4,71;4,65;4,68;;;;;;;;;;;;;;4,68; ;2,68;0;;;;;;;;0;;;0;;;;;;;;;0;;;;;D;;;
298694;R1_ITP;Prog =  60;60;0;60;6;0;35;"118;204;297;404;501;572;613;628;665;682;676;667;654;648;639;633;631;626;631;628;624;622;620;624;620;620;624;618;620;618;620;618;628;620;620;";"135;288;432;559;690;787;838;864;876;868;838;804;771;732;703;682;665;639;618;610;593;580;571;567;559;550;546;538;525;525;516;508;495;504;504;";18/02/2025;0;0;0;;;;FALSO;2,00;6,00;3,00;0;1000;;10;;70;;;;2000;2;6,21;635,00;0,00;270,00;;CC;;70;;;;;;;;FALSO;;;;;;68;1+1+0,55 mm / titanio / Sin pulir / NO tratadas;;1,0;1,0;0,0;0,0;0,6;5,5;6,0;CP Ti Gr3;60,00;6,00;250;4,28;4,77;4,52;;;;;;;;;;;;;;4,52; ;2,68;0;;;;;;;;0;;;0;;;;;;;;;0;;;;;D;;;
298696;R1_ITP;Prog =  60;60;0;60;8;0;15;"114;185;260;389;514;585;633;663;669;674;671;656;676;639;639;";"139;292;427;559;682;779;843;868;868;851;821;787;800;766;766;";18/02/2025;0;0;0;;;;FALSO;2,00;6,00;3,00;0;1000;;10;;30;;;;2000;2;6,51;686,00;0,00;107,00;;CC;;30;;;;;;;;FALSO;59;;;;;69;1+1+0,55 mm / titanio / Sin pulir / NO tratadas;;1,0;1,0;0,0;0,0;0,6;5,5;6,0;CP Ti Gr3;60,00;6,00;250;2,29;2,35;2,32;;;;;;;;;;;;;;2,32; ;2,68;1;;;;;;;;0;;;0;;;;;;;;;3;;;;;D;;;
298697;R1_ITP;Prog =  60;60;0;60;9;0;25;"99;180;290;407;471;536;622;656;674;680;671;674;665;652;646;635;635;633;633;624;615;628;613;637;637;";"148;313;457;584;707;809;876;910;923;906;876;843;813;775;732;707;677;652;639;618;601;593;593;588;588;";18/02/2025;0;0;0;;;;FALSO;2,00;6,00;3,00;0;1000;;10;;50;;;;2000;2;6,33;698,00;0,00;204,00;;CC;;50;;;;;;;;FALSO;;;;;;70;1+1+0,55 mm / titanio / Sin pulir / NO tratadas;;1,0;1,0;0,0;0,0;0,6;5,5;6,0;CP Ti Gr3;60,00;6,00;250;4,00;4,01;4,00;;;;;;;;;;;;;;4,00; ;2,68;0;;;;;;;;0;;;0;;;;;;;;;0;;;;;D;;;
298698;R1_ITP;Prog =  60;60;0;60;10;0;25;"122;208;307;430;503;566;631;654;674;676;663;656;648;643;639;633;626;620;628;631;626;622;622;624;624;";"135;288;419;542;656;745;804;830;834;826;800;762;732;707;682;660;639;618;605;597;584;571;576;563;563;";18/02/2025;0;0;0;;;;FALSO;2,00;6,00;3,00;0;1000;;10;;50;;;;2000;2;6,26;648,00;0,00;188,00;;CC;;50;;;;;;;;FALSO;;;;;;71;1+1+0,55 mm / titanio / Sin pulir / NO tratadas;;1,0;1,0;0,0;0,0;0,6;5,5;6,0;CP Ti Gr3;60,00;6,00;350;3,15;3,23;3,19;;;;;;;;;;;;;;3,19; ;2,68;0;;;;;;;;1;;;0;;;;;;;;;1;;;;;D;;;
298699;R1_ITP;Prog =  60;60;0;60;11;0;25;"111;200;312;435;497;559;635;671;676;667;656;646;650;643;635;622;618;633;631;624;618;618;622;615;615;";"139;292;415;529;631;707;766;792;796;787;758;728;694;673;656;631;610;597;580;567;563;554;559;546;546;";18/02/2025;0;0;0;;;;FALSO;2,00;6,00;3,00;0;1000;;10;;50;;;;2000;2;6,24;622,00;0,00;181,00;;CC;;50;;;;;;;;FALSO;;;;;;72;1+1+0,55 mm / titanio / Sin pulir / NO tratadas;;1,0;1,0;0,0;0,0;0,6;5,5;6,0;CP Ti Gr3;60,00;6,00;450;2,76;3,05;2,91;;;;;;;;;;;;;;2,91; ;2,68;0;;;;;;;;1;;;0;;;;;;;;;1;;;;;D;;;
298700;R1_ITP;Prog =  60;60;0;60;12;0;25;"94;172;271;387;456;531;633;674;689;691;674;669;667;656;650;633;631;631;626;631;615;615;598;631;631;";"148;313;461;601;737;838;898;931;940;927;889;843;804;766;732;703;677;652;639;622;610;597;597;584;584;";18/02/2025;0;0;0;;;;FALSO;2,00;6,00;3,00;0;1000;;10;;50;;;;2000;2;6,33;707,00;0,00;207,00;;CC;;50;;;;;;;;FALSO;;;;;;73;1+1+0,55 mm / titanio / Sin pulir / NO tratadas;;1,0;1,0;0,0;0,0;0,6;5,5;6,0;CP Ti Gr3;60,00;6,00;550;3,61;3,57;3,59;;;;;;;;;;;;;;3,59; ;2,68;0;;;;;;;;0;;;0;;;;;;;;;0;;;;;D;;;
298701;R1_ITP;Prog =  60;60;0;60;13;0;15;"246;404;536;712;879;984;1028;1020;1020;1002;984;967;984;949;949;";"169;360;533;677;792;851;864;843;804;762;707;660;669;648;648;";18/02/2025;0;0;0;;;;FALSO;2,00;9,00;3,00;0;1000;;10;;30;;;;2000;2;9,64;673,00;0,00;163,00;;CC;;30;;;;;;;;FALSO;;;;;;74;1,2+1,2 / titanio /Sin pulir / NO tratadas;;1,2;0,0;0,0;0,0;1,2;5,5;6,0;CP Ti Gr3;60,00;9,00;350;5,12;5,15;5,14;;;;;;;;;;;;;;5,14; ;4,57;0;;;;;;;;0;;;0;;;;;;;;;0;;;;;D;;;
298702;R1_ITP;Prog =  60;60;0;60;14;0;15;"342;562;685;932;1152;1231;1266;1257;1239;1204;1169;1169;1169;1169;1169;";"186;406;601;737;838;885;881;847;800;741;686;643;652;622;622;";18/02/2025;0;0;0;;;;FALSO;2,00;11,00;3,00;0;1000;;10;;30;;;;2000;2;11,61;690,00;0,00;209,00;;CC;;30;;;;;;;;FALSO;;;;;;75;1,2+1,2 / titanio /Sin pulir / NO tratadas;;1,2;0,0;0,0;0,0;1,2;5,5;6,0;CP Ti Gr3;60,00;11,00;350;5,19;5,00;5,10;;;;;;;;;;;;;;5,10; ;4,57;0;;;;;;;;1;;;0;;;;;;;;;1;;;;;D;;;
298703;R1_ITP;Prog =  60;60;0;60;15;0;15;"178;299;389;523;656;732;771;796;794;786;773;751;768;727;727;";"135;296;436;554;656;732;766;771;754;715;677;643;656;626;626;";18/02/2025;0;0;0;;;;FALSO;2,00;7,00;3,00;0;1000;;10;;30;;;;2000;2;7,54;610,00;0,00;114,00;;CC;;30;;;;;;;;FALSO;;;;;;76;1,2+1,2 / titanio /Sin pulir / NO tratadas;;1,2;0,0;0,0;0,0;1,2;5,5;6,0;CP Ti Gr3;60,00;7,00;350;2,73;2,49;2,61;;;;;;;;;;;;;;2,61; ;4,57;1;;;;;;;;0;;;0;;;;;;;;;3;;;;;D;;;
298704;R1_ITP;Prog =  60;60;0;60;16;0;15;"86;142;206;333;445;491;516;540;549;551;549;542;553;529;529;";"114;237;347;449;538;618;665;690;703;690;673;652;656;635;635;";18/02/2025;0;0;0;;;;FALSO;2,00;5,00;3,00;0;1000;;10;;30;;;;2000;2;5,35;554,00;0,00;71,00;;CC;;30;;;;;;;;FALSO;;;;;;77;1,2+1,2 / titanio /Sin pulir / NO tratadas;;1,2;0,0;0,0;0,0;1,2;5,5;6,0;CP Ti Gr3;60,00;5,00;350;0,00;0,00;0,00;;;;;;;;;;;;;Pegado;0,00; ;4,57;1;;;;;;;;0;;;1;;;;;;;;;2;;;;;D;;;
298705;R1_ITP;Prog =  60;60;0;60;17;0;15;"255;404;510;712;888;976;1020;1037;1028;993;976;958;984;958;958;";"169;360;525;665;783;838;851;834;792;745;694;652;656;626;626;";18/02/2025;0;0;0;;;;FALSO;2,00;9,00;3,00;0;1000;;10;;30;;;;2000;2;9,65;669,00;0,00;161,00;;CC;;30;;;;;;;;FALSO;;;;;;78;1,2+1,2 / titanio /Sin pulir / NO tratadas;;1,2;0,0;0,0;0,0;1,2;5,5;6,0;CP Ti Gr3;60,00;9,00;350;5,49;5,30;5,39;;;;;;;;;;;;;;5,39; ;4,57;0;;;;;;;;0;;;0;;;;;;;;;3;;;;;D;;;
298706;R1_ITP;Prog =  60;60;0;60;18;0;25;"246;430;606;738;809;923;1046;1055;1020;993;967;949;940;932;914;923;940;940;914;923;923;905;897;897;897;";"156;338;512;648;737;796;821;809;775;724;669;631;593;571;550;529;525;516;504;482;478;478;482;465;465;";18/02/2025;0;0;0;;;;FALSO;2,00;9,00;3,00;0;1000;;10;;50;;;;2000;2;9,25;588,00;0,00;262,00;;CC;;50;;;;;;;;FALSO;;;;;;79;1,2+1,2 / titanio /Sin pulir / NO tratadas;;1,2;0,0;0,0;0,0;1,2;5,5;6,0;CP Ti Gr3;60,00;9,00;350;5,99;6,22;6,11;;;;;;;;;;;;;;6,11; ;4,57;0;;;;;;;;1;;;0;;;;;;;;;1;;;;;D;;;
298707;R1_ITP;Prog =  60;60;0;60;19;0;20;"263;448;598;694;835;976;1028;1028;1028;1011;958;949;949;940;932;914;914;914;923;923;";"156;338;508;648;749;804;826;804;766;724;682;631;597;571;550;529;516;525;512;512;";18/02/2025;0;0;0;;;;FALSO;2,00;9,00;3,00;0;1000;;10;;40;;;;2000;2;9,35;618,00;0,00;213,00;;CC;;40;;;;;;;;FALSO;;;;;;80;1,2+1,2 / titanio /Sin pulir / NO tratadas;;1,2;0,0;0,0;0,0;1,2;5,5;6,0;CP Ti Gr3;60,00;9,00;350;5,50;5,56;5,53;;;;;;;;;;;;;;5,53; ;4,57;0;;;;;;;;1;;;0;;;;;;;;;1;;;;;D;;;
298708;R1_ITP;Prog =  60;60;0;60;20;0;10;"228;369;562;782;879;958;1028;993;1081;1081;";"160;343;512;643;741;800;817;826;809;809;";18/02/2025;0;0;0;;;;FALSO;2,00;9,00;3,00;0;1000;;10;;20;;;;2000;2;7,35;614,00;0,00;86,00;;CC;;20;;;;;;;;FALSO;56;;;;;81;1,2+1,2 / titanio /Sin pulir / NO tratadas;;1,2;0,0;0,0;0,0;1,2;5,5;6,0;CP Ti Gr3;60,00;9,00;350;0,00;0,00;0,00;;;;;;;;;;;;;Pegado;0,00; ;4,57;1;;;;;;;;0;;;1;;;;;;;;;2;;;;;D;;;
298709;R1_ITP;Prog =  60;60;0;60;21;0;15;"237;404;536;721;879;958;1028;1046;1020;993;967;958;914;976;976;";"169;351;516;652;775;834;843;834;792;737;686;643;639;618;618;";18/02/2025;0;0;0;;;;FALSO;2,00;9,00;3,00;0;1000;;10;;30;;;;2000;2;9,61;660,00;0,00;161,00;;CC;;30;;;;;;;;FALSO;;;;;;82;1,2+1,2 / titanio /Sin pulir / NO tratadas;;1,2;0,0;0,0;0,0;1,2;5,5;6,0;CP Ti Gr3;60,00;9,00;350;4,97;4,97;4,97;;;;;;;;;;;;;;4,97; ;4,57;0;;;;;;;;0;;;0;;;;;;;;;0;;;;;D;;;
298710;R1_ITP;Prog =  60;60;0;60;22;0;15;"263;448;562;721;897;984;1020;1020;1011;993;958;940;932;932;932;";"152;338;504;622;720;779;796;779;737;690;643;614;618;601;601;";18/02/2025;0;0;0;;;;FALSO;2,00;9,00;3,00;0;1000;;10;;30;;;;2000;2;9,49;622,00;0,00;151,00;;CC;;30;;;;;;;;FALSO;;;;;;83;1,2+1,2 / titanio /Sin pulir / NO tratadas;;1,2;0,0;0,0;0,0;1,2;5,5;6,0;CP Ti Gr3;60,00;9,00;450;4,63;5,18;4,91;;;;;;;;;;;;;;4,91; ;4,57;0;;;;;;;;1;;;0;;;;;;;;;1;;;;;D;;;
298711;R1_ITP;Prog =  60;60;0;60;23;0;15;"272;448;545;738;914;984;1028;1037;1020;976;949;940;949;949;949;";"156;330;478;610;715;762;762;754;720;673;631;593;605;580;580;";18/02/2025;0;0;0;;;;FALSO;2,00;9,00;3,00;0;1000;;10;;30;;;;2000;2;9,46;605,00;0,00;147,00;;CC;;30;;;;;;;;FALSO;;;;;;84;1,2+1,2 / titanio /Sin pulir / NO tratadas;;1,2;0,0;0,0;0,0;1,2;5,5;6,0;CP Ti Gr3;60,00;9,00;550;4,43;4,50;4,47;;;;;;;;;;;;;;4,47; ;4,57;1;;;;;;;;1;;;0;;;;;;;;;1;;;;;D;;;
298712;R1_ITP;Prog =  60;60;0;60;24;0;15;"263;413;518;721;897;967;1011;1020;1002;993;967;976;932;1002;1002;";"173;355;521;652;758;826;847;834;796;754;715;669;686;631;631;";18/02/2025;0;0;0;;;;FALSO;2,00;9,00;3,00;0;1000;;10;;30;;;;2000;2;9,58;665,00;0,00;161,00;;CC;;30;;;;;;;;FALSO;;;;;;85;1,2+1,2 / titanio /Sin pulir / NO tratadas;;1,2;0,0;0,0;0,0;1,2;5,5;6,0;CP Ti Gr3;60,00;9,00;250;4,72;4,47;4,60;;;;;;;;;;;;;;4,60; ;4,57;0;;;;;;;;0;;;0;;;;;;;;;0;;;;;D;;;
318202;R1_ITP;Prog =  60;60;0;60;7;0;25;"126;223;360;509;586;681;782;811;816;814;807;802;811;802;798;793;787;800;793;787;787;784;798;773;773;";"186;393;576;732;876;995;1076;1126;1156;1156;1139;1114;1084;1063;1042;1016;982;961;940;919;893;872;876;855;855;";12/03/2025;0;0;0;;;;FALSO;2,00;7,50;3,00;0;1000;;10;;50;;;;2000;2;7,81;936,00;0,00;324,00;;CC;;50;;;;;;;;FALSO;;;;;;86;1,6(TT)+1+1(TT)+0,55(TT)/titanio;;1,6;1,0;1,0;0,0;0,6;5,5;6,0;CP Ti Gr3;60,00;7,50;250;4,26;4,57;4,41;;;;;;;;;;;;;;4,41; ;2,68;0;;;;;;;;0;;;0;;;;;;;;;0;;;;;D;;;
318203;R1_ITP;Prog =  60;60;0;60;8;0;25;"81;144;245;372;448;530;633;658;665;665;647;649;649;638;636;629;633;633;631;629;617;620;604;633;633;";"156;321;487;639;766;868;936;982;1008;1004;991;970;948;923;902;876;855;838;826;813;800;783;792;771;771;";12/03/2025;0;0;0;;;;FALSO;2,00;6,00;3,00;0;1000;;10;;50;;;;2000;2;6,25;817,00;0,00;225,00;;CC;;50;;;;;;;;FALSO;;;;;;87;1,6(TT)+1+1(TT)+0,55(TT)/titanio;;1,6;1,0;1,0;0,0;0,6;5,5;6,0;CP Ti Gr3;60,00;6,00;250;0,00;0,00;0,00;;;;;;;;;;;;;Pegado;0,00; ;2,68;1;;;;;;;;0;;;1;;;;;;;;;2;;;;;D;;;
318204;R1_ITP;Prog =  60;60;0;60;9;0;25;"54;96;173;288;360;426;507;532;541;545;541;534;530;530;534;525;521;521;523;523;518;523;511;527;527;";"131;271;406;533;656;762;834;885;910;910;910;893;881;859;843;838;826;813;804;792;779;766;775;762;762;";12/03/2025;0;0;0;;;;FALSO;2,00;5,00;3,00;0;1000;;10;;50;;;;2000;2;5,18;758,00;0,00;171,00;;CC;;50;;;;;;;;FALSO;;;;;;88;1,6(TT)+1+1(TT)+0,55(TT)/titanio;;1,6;1,0;1,0;0,0;0,6;5,5;6,0;CP Ti Gr3;60,00;5,00;250;0,00;0,00;0,00;;;;;;;;;;;;;Pegado;0,00; ;2,68;1;;;;;;;;0;;;1;;;;;;;;;2;;;;;D;;;
318205;R1_ITP;Prog =  60;60;0;60;10;0;25;"0;9;42;101;139;191;261;295;308;315;320;320;324;322;315;315;318;320;315;313;313;313;320;315;315;";"97;186;275;368;470;571;656;715;758;775;783;792;787;779;766;758;745;737;732;724;715;707;707;703;703;";12/03/2025;0;0;0;;;;FALSO;2,00;3,00;3,00;0;1000;;10;;50;;;;2000;2;3,10;652,00;0,00;84,00;;CC;;50;;;;;;;;FALSO;;;;;;89;1,6(TT)+1+1(TT)+0,55(TT)/titanio;;1,6;1,0;1,0;0,0;0,6;5,5;6,0;CP Ti Gr3;60,00;3,00;250;0,00;0,00;0,00;;;;;;;;;;;;;Pegado;0,00; ;2,68;1;;;;;;;;0;;;1;;;;;;;;;2;;;;;D;;;
318206;R1_ITP;Prog =  60;60;0;60;11;0;15;"142;227;324;487;649;730;780;800;796;811;814;805;809;798;798;";"177;385;563;715;864;987;1076;1126;1148;1139;1126;1101;1122;1080;1080;";12/03/2025;0;0;0;;;;FALSO;2,00;7,50;3,00;0;1000;;10;;30;;;;2000;2;7,90;906,00;0,00;166,00;;CC;;30;;;;;;;;FALSO;;;;;;90;1,6(TT)+1+1(TT)+0,55(TT)/titanio;;1,6;1,0;1,0;0,0;0,6;5,5;6,0;CP Ti Gr3;60,00;7,50;250;0,00;0,00;0,00;;;;;;;;;;;;;Pegado;0,00; ;2,68;1;;;;;;;;0;;;1;;;;;;;;;2;;;;;D;;;
318207;R1_ITP;Prog =  60;60;0;60;12;0;15;"92;139;207;365;511;579;633;654;658;651;638;640;620;654;654;";"148;321;474;618;749;847;915;953;965;961;948;936;948;915;915;";12/03/2025;0;0;0;;;;FALSO;2,00;6,00;3,00;0;1000;;10;;30;;;;2000;2;6,32;771,00;0,00;112,00;;CC;;30;;;;;;;;FALSO;;;;;;91;1,6(TT)+1+1(TT)+0,55(TT)/titanio;;1,6;1,0;1,0;0,0;0,6;5,5;6,0;CP Ti Gr3;60,00;6,00;250;0,00;0,00;0,00;;;;;;;;;;;;;Pegado;0,00; ;2,68;1;;;;;;;;0;;;1;;;;;;;;;2;;;;;D;;;
318208;R1_ITP;Prog =  60;60;0;60;13;0;37;"22;47;103;184;266;336;383;401;414;437;442;437;435;430;421;414;412;417;419;412;412;412;414;414;412;417;412;414;414;412;414;412;417;414;408;408;408;";"118;241;351;474;593;690;762;813;843;855;855;847;834;821;800;783;775;766;758;754;749;741;737;737;728;720;715;715;707;698;694;690;686;686;677;677;677;";12/03/2025;0;0;0;;;;FALSO;2,00;4,00;3,00;0;1000;;10;;75;;;;2000;2;4,10;707,00;0,00;201,00;;CC;;74;;;;;;;;FALSO;;;;;;92;1,6(TT)+1+1(TT)+0,55(TT)/titanio;;1,6;1,0;1,0;0,0;0,6;5,5;6,0;CP Ti Gr3;60,00;4,00;250;0,00;0,00;0,00;;;;;;;;;;;;;Pegado;0,00; ;2,68;1;;;;;;;;0;;;1;;;;;;;;;2;;;;;D;;;
318209;R1_ITP;Prog =  60;60;0;60;14;0;50;"18;45;99;173;257;333;383;408;426;439;448;442;435;428;426;428;424;421;414;412;419;417;414;414;414;419;414;412;414;414;419;417;412;412;410;419;419;412;410;412;417;417;414;414;414;414;412;419;408;408;";"122;245;360;470;593;707;783;838;868;881;876;868;851;830;813;800;787;771;758;754;745;741;732;724;720;720;715;703;698;694;682;682;682;677;669;660;660;656;652;643;639;639;635;631;626;622;618;614;614;614;";12/03/2025;0;0;0;;;;FALSO;2,00;4,00;3,00;0;1000;;10;;100;;;;2000;2;4,09;694,00;0,00;271,00;;CC;;100;;;;;;;;FALSO;;;;;;93;1,6(TT)+1+1(TT)+0,55(TT)/titanio;;1,6;1,0;1,0;0,0;0,6;5,5;6,0;CP Ti Gr3;60,00;4,00;250;0,00;0,00;0,00;;;;;;;;;;;;;Pegado;0,00; ;2,68;1;;;;;;;;0;;;1;;;;;;;;;2;;;;;D;;;
318009;R1_ITP;Prog =   2;2;0;2;1;0;15;"322;515;635;755;865;902;957;976;976;976;967;976;930;976;976;";"131;279;427;563;677;754;796;813;804;792;766;724;728;703;703;";11/03/2025;0;0;0;;;;FALSO;0,50;9,00;1,00;0;2000;;10;;30;;10;;2000;2;9,47;648,00;0,00;146,00;;CC;;30;;;;;;;;FALSO;;;;;;94;;;1,2;0,0;0,0;0,0;1,2;5,5;6,0;CP Ti Gr3;2,00;9,00;350;;;;;;;;;;;;;;;;;;;4,57;0;;;;;;;;1;;;0;;;;;;;;;1;;;;;D;;;
318013;R1_ITP;Prog =  11;11;0;11;5;0;30;"212;367;471;554;608;627;629;663;687;696;696;694;692;678;683;683;681;683;674;678;674;672;678;676;674;669;674;672;676;676;";"97;199;292;381;465;533;584;614;635;643;639;626;601;588;576;554;542;525;512;499;491;482;474;465;457;449;444;449;440;440;";11/03/2025;0;0;0;;;;FALSO;0,01;6,50;0,01;0;1000;;10;;60;;10;;2000;2;6,65;504,00;0,00;187,00;;CC;;60;;;;;;;;FALSO;;;;;;95;;;1,0;0,0;0,0;0,0;1,2;5,5;6,0;CP Ti Gr3;11,00;6,50;320;;;;;;;;;;;;;;;;;;;4,06;0;;;;;;;;1;;;0;;;;;;;;;1;;;;;D;;;
318152;R1_ITP;Prog =   2;2;0;2;144;0;15;"285;478;589;727;865;948;976;1003;1003;985;967;948;967;939;939;";"144;309;461;597;703;771;796;792;771;737;707;673;694;639;639;";11/03/2025;0;0;0;;;;FALSO;0,50;9,00;1,00;0;2000;;10;;30;;10;;2000;2;9,54;635,00;0,00;142,00;;CC;;30;;;;;;;;FALSO;;;;;;96;;;1,2;0,0;0,0;0,0;1,2;5,5;6,0;CP Ti Gr3;2,00;9,00;350;;;;;;;;;;;;;;;;;;;4,57;0;;;;;;;;1;;;0;;;;;;;;;1;;;;;D;;;
318156;R1_ITP;Prog =  11;11;0;11;148;0;30;"166;297;410;516;590;631;647;687;710;703;705;699;696;687;678;678;676;676;678;676;676;674;681;676;672;676;672;683;663;663;";"118;241;355;453;546;618;669;698;715;707;690;673;648;618;601;588;571;554;542;533;521;508;495;491;487;474;461;461;461;461;";11/03/2025;0;0;0;;;;FALSO;0,01;6,50;0,01;0;1000;;10;;60;;10;;2000;2;6,68;546,00;0,00;202,00;;CC;;60;;;;;;;;FALSO;;;;;;97;;;1,0;0,0;0,0;0,0;1,2;5,5;6,0;CP Ti Gr3;11,00;6,50;320;;;;;;;;;;;;;;;;;;;4,06;0;;;;;;;;1;;;0;;;;;;;;;1;;;;;D;;;
318876;R1_ITP;Prog =  16;16;0;16;4;0;37;"99;184;268;349;414;462;484;489;496;509;507;496;493;489;484;480;478;478;473;478;480;471;480;482;478;475;473;475;471;469;475;471;471;471;473;469;469;";"76;169;254;330;402;457;487;499;495;491;470;449;427;410;389;372;364;355;347;334;330;330;326;321;313;309;305;305;296;283;283;288;288;283;279;283;283;";13/03/2025;0;0;0;;;;FALSO;0,01;4,60;0,01;0;1000;;10;;75;;10;;2000;2;4,71;351,00;0,00;118,00;;CC;;74;;;;;;;;FALSO;;;;;;98;;;0,6;0,0;0,0;0,0;0,6;5,5;6,0;CP Ti Gr3;16,00;4,60;250;;;;;;;;;;;;;;;;;;;2,68;0;;;;;;;;0;;;0;;;;;;;;;0;;;;;D;;;
319132;R1_ITP;Prog =  60;60;0;60;4;0;37;"15;36;90;169;241;295;322;327;322;320;322;315;315;315;308;308;306;311;311;306;308;311;313;308;306;313;306;308;311;308;313;311;306;306;304;302;302;";"72;135;207;279;338;389;423;440;440;444;440;432;419;419;415;415;415;406;398;389;398;393;389;389;385;377;372;377;372;360;360;364;368;364;355;364;364;";14/03/2025;0;0;0;;;;FALSO;2,00;3,00;3,00;0;1000;;10;;75;;;;2000;2;3,04;372,00;0,00;79,00;;CC;;74;;;;;;;;FALSO;;;;;;99;;;1,0;0,0;0,0;0,0;0,6;5,5;6,0;CP Ti Gr3;60,00;3,00;250;;;;;;;;;;;;;;;;Pegado;0,00;;2,68;1;;;;;;;;0;;;1;;;;;;;;;2;;;;;D;;;
319131;R1_ITP;Prog =  60;60;0;60;3;0;15;"121;205;279;419;530;563;579;586;595;590;593;590;595;590;590;";"101;216;313;393;474;542;580;593;593;584;576;554;563;546;546;";14/03/2025;0;0;0;;;;FALSO;2,00;5,50;3,00;0;1000;;10;;30;;;;2000;2;5,77;474,00;0,00;65,00;;CC;;30;;;;;;;;FALSO;;;;;;100;;;1,0;0,0;0,0;0,0;0,6;5,5;6,0;CP Ti Gr3;60,00;5,50;250;;;;;;;;;;;;;;;;Diametro pequeño;;;2,68;1;;;;;;;;0;;;0;;;;;;;;;3;;;;;D;;;
319130;R1_ITP;Prog =  60;60;0;60;2;0;20;"54;110;189;257;338;417;424;421;419;414;419;417;414;417;412;414;414;419;417;417;";"84;173;249;317;385;432;470;487;499;499;499;495;487;482;474;470;461;461;457;457;";14/03/2025;0;0;0;;;;FALSO;2,00;4,00;3,00;0;1000;;10;;40;;;;2000;2;4,08;423,00;0,00;58,00;;CC;;40;;;;;;;;FALSO;;;;;;101;;;1,0;0,0;0,0;0,0;0,6;5,5;6,0;CP Ti Gr3;60,00;4,00;250;;;;;;;;;;;;;;;;Sin defecto;;;2,68;0;;;;;;;;0;;;0;;;;;;;;;0;;;;;D;;;
319129;R1_ITP;Prog =  60;60;0;60;1;0;25;"27;56;112;189;232;270;313;324;318;308;306;306;304;299;308;311;304;304;306;308;306;306;306;308;308;";"63;118;177;237;296;338;368;393;415;419;415;415;419;423;427;427;419;419;423;419;419;427;432;432;432;";14/03/2025;0;0;0;;;;FALSO;2,00;3,00;3,00;0;1000;;10;;50;;;;2000;2;3,01;368,00;0,00;49,00;;CC;;50;;;;;;;;FALSO;;;;;;102;;;1,0;0,0;0,0;0,0;0,6;5,5;6,0;CP Ti Gr3;60,00;3,00;250;;;;;;;;;;;;;;;;Pegado;0,00;;2,68;1;;;;;;;;0;;;1;;;;;;;;;2;;;;;D;;;
319128;R1_ITP;Prog =  16;16;0;16;256;0;37;"96;182;268;356;419;460;475;475;487;505;507;493;493;489;480;480;478;480;478;480;484;478;475;478;475;471;466;473;478;478;480;475;473;473;473;473;473;";"84;173;254;321;389;449;478;495;495;491;474;453;436;419;402;385;377;364;355;347;343;338;326;317;317;317;309;300;296;292;292;288;288;279;275;288;288;";13/03/2025;0;0;0;;;;FALSO;0,01;4,60;0,01;0;1000;;10;;75;;10;;2000;2;4,71;355,00;0,00;118,00;;CC;;74;;;;;;;;FALSO;;;;;;103;;;0,6;0,0;0,0;0,0;0,6;5,5;6,0;CP Ti Gr3;16,00;4,60;250;;;;;;;;;;;;;;;;;;;2,68;0;;;;;;;;0;;;0;;;;;;;;;0;;;;;D;;;
319136;R1_ITP;Prog =  35;35;0;35;4;0;35;"207;338;462;588;685;760;798;816;816;811;807;796;793;787;782;787;778;780;782;778;780;771;778;775;773;778;771;773;775;775;780;769;780;748;748;";"144;300;449;580;694;779;830;851;847;834;821;796;766;741;724;711;698;682;673;665;652;639;626;618;614;614;597;584;584;584;576;563;567;563;563;";14/03/2025;0;0;0;;;;FALSO;0,01;7,50;0,01;0;1000;;10;;70;;10;;2000;2;7,66;656,00;0,00;333,00;;CC;;70;;;;;;;;FALSO;;;;;;104;;;1,6;0,9;0,0;0,0;0,9;5,5;6,0;CP Ti Gr3;35,00;7,50;300;;;;;;;;;;;;;;;;;;;3,81;0;;;;;;;;0;;;0;;;;;;;;;0;;;;;D;;;
319188;R1_ITP;Prog =  35;35;0;35;56;0;35;"227;376;484;584;685;755;793;818;814;809;800;798;793;782;782;778;782;780;769;775;775;775;773;771;778;773;778;780;773;775;773;775;764;782;782;";"122;266;415;542;652;741;792;817;817;809;796;771;754;737;720;703;690;682;665;652;643;631;626;618;605;597;593;584;576;563;559;550;554;550;550;";14/03/2025;0;0;0;;;;FALSO;0,01;7,50;0,01;0;1000;;10;;70;;10;;2000;2;7,65;639,00;0,00;324,00;;CC;;70;;;;;;;;FALSO;;;;;;105;;;1,6;0,9;0,0;0,0;0,9;5,5;6,0;CP Ti Gr3;35,00;7,50;300;;;;;;;;;;;;;;;;;;;3,81;0;;;;;;;;0;;;0;;;;;;;;;0;;;;;D;;;
;;;;;;;;;;;;;;;;;;;;;;;;;;;;;;;;;;;;;;;;;;;;;;;;;;;;;;;;;;;;;;;;;;;;;;;;;;;;;;;;;;;;;;;;;;;;;;;;;;;;;;;;;;;;;;;;;;;
;;;;;;;;;;;;;;;;;;;;;;;;;;;;;;;;;;;;;;;;;;;;;;;;;;;;;;;;;;;;;;;;;;;;;;;;;;;;;;;;;;;;;;;;;;;;;;;;;;;;;;;;;;;;;;;;;;;
